,Type,Duration,Calories,@totalEnergyBurnedUnit,Date,WorkoutRoute
198,Walk,30.53764118353526,126.8070593399493,Cal,2021-01-12 19:15:53,"OrderedDict([('@sourceName', 'BTE-Watch'), ('@sourceVersion', '7.1'), ('@creationDate', '2021-01-12 19:15:54 -0400'), ('@startDate', '2021-01-12 18:45:18 -0400'), ('@endDate', '2021-01-12 19:15:50 -0400'), ('MetadataEntry', [OrderedDict([('@key', 'HKMetadataKeySyncVersion'), ('@value', '2')]), OrderedDict([('@key', 'HKMetadataKeySyncIdentifier'), ('@value', '3571404E-99D0-4392-B718-386ACAB6993E')])]), ('FileReference', OrderedDict([('@path', '/workout-routes/route_2021-01-12_6.15pm.gpx')]))])"
199,Walk,15.47299398183823,44.25379024651271,Cal,2021-01-12 19:49:14,"OrderedDict([('@sourceName', 'BTE-Watch'), ('@sourceVersion', '7.1'), ('@creationDate', '2021-01-12 19:49:15 -0400'), ('@startDate', '2021-01-12 19:33:45 -0400'), ('@endDate', '2021-01-12 19:39:35 -0400'), ('MetadataEntry', [OrderedDict([('@key', 'HKMetadataKeySyncVersion'), ('@value', '2')]), OrderedDict([('@key', 'HKMetadataKeySyncIdentifier'), ('@value', '40CC8F56-7B35-4880-B557-26B860E53EC9')])]), ('FileReference', OrderedDict([('@path', '/workout-routes/route_2021-01-12_6.39pm.gpx')]))])"
200,Walk,22.07399845123291,148.5293454492408,Cal,2021-01-13 11:19:42,"OrderedDict([('@sourceName', 'BTE-Watch'), ('@sourceVersion', '7.1'), ('@creationDate', '2021-01-13 11:19:43 -0400'), ('@startDate', '2021-01-13 11:07:41 -0400'), ('@endDate', '2021-01-13 11:19:40 -0400'), ('MetadataEntry', [OrderedDict([('@key', 'HKMetadataKeySyncVersion'), ('@value', '2')]), OrderedDict([('@key', 'HKMetadataKeySyncIdentifier'), ('@value', '16A4AF73-E55B-47BD-B37D-2310BDB299B9')])]), ('FileReference', OrderedDict([('@path', '/workout-routes/route_2021-01-13_10.19am.gpx')]))])"
201,Walk,8.924401499827702,58.15412764435901,Cal,2021-01-13 11:29:53,"OrderedDict([('@sourceName', 'BTE-Watch'), ('@sourceVersion', '7.1'), ('@creationDate', '2021-01-13 11:29:54 -0400'), ('@startDate', '2021-01-13 11:21:02 -0400'), ('@endDate', '2021-01-13 11:27:41 -0400'), ('MetadataEntry', [OrderedDict([('@key', 'HKMetadataKeySyncVersion'), ('@value', '2')]), OrderedDict([('@key', 'HKMetadataKeySyncIdentifier'), ('@value', '37EB028A-9D99-45BF-912E-68E6B5328941')])]), ('FileReference', OrderedDict([('@path', '/workout-routes/route_2021-01-13_10.27am.gpx')]))])"
202,Walk,20.53443606495857,112.4721711327454,Cal,2021-01-13 11:57:13,"OrderedDict([('@sourceName', 'BTE-Watch'), ('@sourceVersion', '7.1'), ('@creationDate', '2021-01-13 11:57:14 -0400'), ('@startDate', '2021-01-13 11:46:46 -0400'), ('@endDate', '2021-01-13 11:57:12 -0400'), ('MetadataEntry', [OrderedDict([('@key', 'HKMetadataKeySyncVersion'), ('@value', '2')]), OrderedDict([('@key', 'HKMetadataKeySyncIdentifier'), ('@value', '8E1C333F-2DE9-46CA-BD23-623ED850C530')])]), ('FileReference', OrderedDict([('@path', '/workout-routes/route_2021-01-13_10.57am.gpx')]))])"
203,Run,18.07591016689936,239.92427998303,Cal,2021-01-14 12:59:56,"OrderedDict([('@sourceName', 'BTE-Watch'), ('@sourceVersion', '7.1'), ('@creationDate', '2021-01-14 12:59:57 -0400'), ('@startDate', '2021-01-14 12:41:50 -0400'), ('@endDate', '2021-01-14 12:59:54 -0400'), ('MetadataEntry', [OrderedDict([('@key', 'HKMetadataKeySyncVersion'), ('@value', '2')]), OrderedDict([('@key', 'HKMetadataKeySyncIdentifier'), ('@value', '686A57D8-3FF9-4776-8E5A-4C482B9342C5')])]), ('FileReference', OrderedDict([('@path', '/workout-routes/route_2021-01-14_11.59am.gpx')]))])"
204,Walk,39.9333202501138,232.3449303872364,Cal,2021-01-14 17:48:19,"OrderedDict([('@sourceName', 'BTE-Watch'), ('@sourceVersion', '7.1'), ('@creationDate', '2021-01-14 17:48:21 -0400'), ('@startDate', '2021-01-14 17:08:20 -0400'), ('@endDate', '2021-01-14 17:48:17 -0400'), ('MetadataEntry', [OrderedDict([('@key', 'HKMetadataKeySyncVersion'), ('@value', '2')]), OrderedDict([('@key', 'HKMetadataKeySyncIdentifier'), ('@value', '6D2DB8AC-82F8-4B30-81AB-59F51500F198')])]), ('FileReference', OrderedDict([('@path', '/workout-routes/route_2021-01-14_4.48pm.gpx')]))])"
205,Strength,37.01121073365211,271.8972341969273,Cal,2021-01-14 21:09:24,
206,Walk,14.55688225030899,111.802,Cal,2021-01-15 11:52:40,"OrderedDict([('@sourceName', 'BTE-Watch'), ('@sourceVersion', '7.1'), ('@creationDate', '2021-01-15 11:52:40 -0400'), ('@startDate', '2021-01-15 11:48:12 -0400'), ('@endDate', '2021-01-15 11:51:06 -0400'), ('MetadataEntry', [OrderedDict([('@key', 'HKMetadataKeySyncVersion'), ('@value', '2')]), OrderedDict([('@key', 'HKMetadataKeySyncIdentifier'), ('@value', '4B96CFFD-BCAB-463D-A1E7-C04ADD365106')])]), ('FileReference', OrderedDict([('@path', '/workout-routes/route_2021-01-15_10.51am.gpx')]))])"
207,Walk,12.87396650115649,99.24952115067168,Cal,2021-01-15 12:59:15,"OrderedDict([('@sourceName', 'BTE-Watch'), ('@sourceVersion', '7.1'), ('@creationDate', '2021-01-15 12:59:16 -0400'), ('@startDate', '2021-01-15 12:46:26 -0400'), ('@endDate', '2021-01-15 12:55:16 -0400'), ('MetadataEntry', [OrderedDict([('@key', 'HKMetadataKeySyncVersion'), ('@value', '2')]), OrderedDict([('@key', 'HKMetadataKeySyncIdentifier'), ('@value', '76D24344-1CBE-49BA-B23A-3EE3E258D071')])]), ('FileReference', OrderedDict([('@path', '/workout-routes/route_2021-01-15_11.55am.gpx')]))])"
208,Run,19.94971553285917,288.344639026477,Cal,2021-01-15 13:41:20,
209,Walk,34.23746185104052,191.7657015519336,Cal,2021-01-16 12:47:55,"OrderedDict([('@sourceName', 'BTE-Watch'), ('@sourceVersion', '7.1'), ('@creationDate', '2021-01-16 12:47:57 -0400'), ('@startDate', '2021-01-16 12:13:39 -0400'), ('@endDate', '2021-01-16 12:47:54 -0400'), ('MetadataEntry', [OrderedDict([('@key', 'HKMetadataKeySyncVersion'), ('@value', '2')]), OrderedDict([('@key', 'HKMetadataKeySyncIdentifier'), ('@value', 'A1534023-2C52-4D36-BB87-2557B0EADA25')])]), ('FileReference', OrderedDict([('@path', '/workout-routes/route_2021-01-16_11.47am.gpx')]))])"
210,Strength,30.2576388657093,142.6291834537662,Cal,2021-01-16 13:24:49,
211,Walk,18.15517095128695,66.52089182968045,Cal,2021-01-17 00:08:30,"OrderedDict([('@sourceName', 'BTE-Watch'), ('@sourceVersion', '7.1'), ('@creationDate', '2021-01-17 00:08:30 -0400'), ('@startDate', '2021-01-16 23:50:22 -0400'), ('@endDate', '2021-01-17 00:08:28 -0400'), ('MetadataEntry', [OrderedDict([('@key', 'HKMetadataKeySyncVersion'), ('@value', '2')]), OrderedDict([('@key', 'HKMetadataKeySyncIdentifier'), ('@value', 'F7216AAE-131F-4F8C-A10C-E2A46E2E401C')])]), ('FileReference', OrderedDict([('@path', '/workout-routes/route_2021-01-16_11.08pm.gpx')]))])"
212,Strength,42.08839876651764,394.9225167795047,Cal,2021-01-17 23:23:05,
213,Run,27.63434903224309,467.6148621055823,Cal,2021-01-18 16:17:26,"OrderedDict([('@sourceName', 'BTE-Watch'), ('@sourceVersion', '7.1'), ('@creationDate', '2021-01-18 16:17:28 -0400'), ('@startDate', '2021-01-18 15:49:47 -0400'), ('@endDate', '2021-01-18 16:17:25 -0400'), ('MetadataEntry', [OrderedDict([('@key', 'HKMetadataKeySyncVersion'), ('@value', '2')]), OrderedDict([('@key', 'HKMetadataKeySyncIdentifier'), ('@value', '8A6F6057-C21E-4528-A26E-C861F92E4462')])]), ('FileReference', OrderedDict([('@path', '/workout-routes/route_2021-01-18_3.17pm.gpx')]))])"
214,Walk,7.283888731400172,47.46499999999997,Cal,2021-01-18 16:27:47,"OrderedDict([('@sourceName', 'BTE-Watch'), ('@sourceVersion', '7.1'), ('@creationDate', '2021-01-18 16:27:47 -0400'), ('@startDate', '2021-01-18 16:19:16 -0400'), ('@endDate', '2021-01-18 16:26:05 -0400'), ('MetadataEntry', [OrderedDict([('@key', 'HKMetadataKeySyncVersion'), ('@value', '2')]), OrderedDict([('@key', 'HKMetadataKeySyncIdentifier'), ('@value', 'C2B32E32-8E4B-4089-B6C4-54FC733E1816')])]), ('FileReference', OrderedDict([('@path', '/workout-routes/route_2021-01-18_3.26pm.gpx')]))])"
215,Walk,15.16219039360682,75.18300000000005,Cal,2021-01-18 18:45:57,"OrderedDict([('@sourceName', 'BTE-Watch'), ('@sourceVersion', '7.1'), ('@creationDate', '2021-01-18 18:45:58 -0400'), ('@startDate', '2021-01-18 18:44:31 -0400'), ('@endDate', '2021-01-18 18:45:55 -0400'), ('MetadataEntry', [OrderedDict([('@key', 'HKMetadataKeySyncVersion'), ('@value', '2')]), OrderedDict([('@key', 'HKMetadataKeySyncIdentifier'), ('@value', 'E5492350-84B4-4E78-B608-CBA6FD505E4D')])]), ('FileReference', OrderedDict([('@path', '/workout-routes/route_2021-01-18_5.45pm.gpx')]))])"
216,Walk,29.61659749945005,167.5415419242089,Cal,2021-01-19 16:09:24,"OrderedDict([('@sourceName', 'BTE-Watch'), ('@sourceVersion', '7.1'), ('@creationDate', '2021-01-19 16:09:26 -0400'), ('@startDate', '2021-01-19 15:41:54 -0400'), ('@endDate', '2021-01-19 16:09:21 -0400'), ('MetadataEntry', [OrderedDict([('@key', 'HKMetadataKeySyncVersion'), ('@value', '2')]), OrderedDict([('@key', 'HKMetadataKeySyncIdentifier'), ('@value', '37989057-73B3-49EF-88CD-27052AA1F0A4')])]), ('FileReference', OrderedDict([('@path', '/workout-routes/route_2021-01-19_3.09pm.gpx')]))])"
217,Walk,9.151716448863349,57.24051335984718,Cal,2021-01-19 16:18:49,"OrderedDict([('@sourceName', 'BTE-Watch'), ('@sourceVersion', '7.1'), ('@creationDate', '2021-01-19 16:18:49 -0400'), ('@startDate', '2021-01-19 16:09:38 -0400'), ('@endDate', '2021-01-19 16:18:46 -0400'), ('MetadataEntry', [OrderedDict([('@key', 'HKMetadataKeySyncVersion'), ('@value', '2')]), OrderedDict([('@key', 'HKMetadataKeySyncIdentifier'), ('@value', 'AC6A787C-CEEE-46E3-A019-EEE4941C1BE9')])]), ('FileReference', OrderedDict([('@path', '/workout-routes/route_2021-01-19_3.18pm.gpx')]))])"
218,Walk,11.9131144841512,87.81881219946406,Cal,2021-01-19 16:43:02,"OrderedDict([('@sourceName', 'BTE-Watch'), ('@sourceVersion', '7.1'), ('@creationDate', '2021-01-19 16:43:02 -0400'), ('@startDate', '2021-01-19 16:31:07 -0400'), ('@endDate', '2021-01-19 16:40:00 -0400'), ('MetadataEntry', [OrderedDict([('@key', 'HKMetadataKeySyncVersion'), ('@value', '2')]), OrderedDict([('@key', 'HKMetadataKeySyncIdentifier'), ('@value', 'FE7E6471-69B8-4EBA-A56E-3A84B5C7A55B')])]), ('FileReference', OrderedDict([('@path', '/workout-routes/route_2021-01-19_3.40pm.gpx')]))])"
219,Strength,10.34286231597265,45.97970376622215,Cal,2021-01-19 21:29:15,
220,Strength,41.57539365092914,234.482423211745,Cal,2021-01-19 23:13:24,
221,Walk,14.64841469923655,100.6563055868715,Cal,2021-01-20 11:40:08,"OrderedDict([('@sourceName', 'BTE-Watch'), ('@sourceVersion', '7.1'), ('@creationDate', '2021-01-20 11:40:08 -0400'), ('@startDate', '2021-01-20 11:26:38 -0400'), ('@endDate', '2021-01-20 11:38:53 -0400'), ('MetadataEntry', [OrderedDict([('@key', 'HKMetadataKeySyncVersion'), ('@value', '2')]), OrderedDict([('@key', 'HKMetadataKeySyncIdentifier'), ('@value', '070C59D9-A6BE-4B95-B7F0-AFE252822F78')])]), ('FileReference', OrderedDict([('@path', '/workout-routes/route_2021-01-20_10.38am.gpx')]))])"
222,Walk,21.18541698257128,128.3661484246857,Cal,2021-01-20 13:14:33,
223,Run,32.93009389837583,527.2282283588036,Cal,2021-01-21 13:34:07,"OrderedDict([('@sourceName', 'BTE-Watch'), ('@sourceVersion', '7.1'), ('@creationDate', '2021-01-21 13:34:08 -0400'), ('@startDate', '2021-01-21 13:01:16 -0400'), ('@endDate', '2021-01-21 13:34:04 -0400'), ('MetadataEntry', [OrderedDict([('@key', 'HKMetadataKeySyncVersion'), ('@value', '2')]), OrderedDict([('@key', 'HKMetadataKeySyncIdentifier'), ('@value', '25E21767-1AE4-4AA5-ABC8-AA4B91804506')])]), ('FileReference', OrderedDict([('@path', '/workout-routes/route_2021-01-21_12.34pm.gpx')]))])"
224,Walk,12.70232063730558,82.96022672461835,Cal,2021-01-21 13:47:07,"OrderedDict([('@sourceName', 'BTE-Watch'), ('@sourceVersion', '7.1'), ('@creationDate', '2021-01-21 13:47:07 -0400'), ('@startDate', '2021-01-21 13:44:31 -0400'), ('@endDate', '2021-01-21 13:45:23 -0400'), ('MetadataEntry', [OrderedDict([('@key', 'HKMetadataKeySyncVersion'), ('@value', '2')]), OrderedDict([('@key', 'HKMetadataKeySyncIdentifier'), ('@value', 'CC15EA55-19AA-458E-8917-FACC64760E5F')])]), ('FileReference', OrderedDict([('@path', '/workout-routes/route_2021-01-21_12.45pm.gpx')]))])"
225,Walk,50.24205871621768,290.6856087405701,Cal,2021-01-23 18:10:59,"OrderedDict([('@sourceName', 'BTE-Watch'), ('@sourceVersion', '7.1'), ('@creationDate', '2021-01-23 18:11:02 -0400'), ('@startDate', '2021-01-23 17:20:49 -0400'), ('@endDate', '2021-01-23 18:10:57 -0400'), ('MetadataEntry', [OrderedDict([('@key', 'HKMetadataKeySyncVersion'), ('@value', '2')]), OrderedDict([('@key', 'HKMetadataKeySyncIdentifier'), ('@value', '86CFD93B-CF34-4396-9D38-B0C70CFC4C03')])]), ('FileReference', OrderedDict([('@path', '/workout-routes/route_2021-01-23_5.10pm.gpx')]))])"
226,Walk,32.3401313841343,127.5599479411117,Cal,2021-01-24 15:18:10,"OrderedDict([('@sourceName', 'BTE-Watch'), ('@sourceVersion', '7.1'), ('@creationDate', '2021-01-24 15:18:12 -0400'), ('@startDate', '2021-01-24 14:45:47 -0400'), ('@endDate', '2021-01-24 15:18:08 -0400'), ('MetadataEntry', [OrderedDict([('@key', 'HKMetadataKeySyncVersion'), ('@value', '2')]), OrderedDict([('@key', 'HKMetadataKeySyncIdentifier'), ('@value', '5DA5AF96-88CB-453B-A1D6-0E7703B7B6D4')])]), ('FileReference', OrderedDict([('@path', '/workout-routes/route_2021-01-24_2.18pm.gpx')]))])"
227,Walk,8.420334565639497,44.74540546530457,Cal,2021-01-25 17:03:48,"OrderedDict([('@sourceName', 'BTE-Watch'), ('@sourceVersion', '7.1'), ('@creationDate', '2021-01-25 17:03:48 -0400'), ('@startDate', '2021-01-25 16:55:23 -0400'), ('@endDate', '2021-01-25 17:03:45 -0400'), ('MetadataEntry', [OrderedDict([('@key', 'HKMetadataKeySyncVersion'), ('@value', '2')]), OrderedDict([('@key', 'HKMetadataKeySyncIdentifier'), ('@value', '54C68D53-C696-4AE5-AF31-CA2C69AB5F4E')])]), ('FileReference', OrderedDict([('@path', '/workout-routes/route_2021-01-25_4.03pm.gpx')]))])"
228,Run,34.35231018463771,490.0351225260777,Cal,2021-01-25 17:38:27,"OrderedDict([('@sourceName', 'BTE-Watch'), ('@sourceVersion', '7.1'), ('@creationDate', '2021-01-25 17:38:29 -0400'), ('@startDate', '2021-01-25 17:04:03 -0400'), ('@endDate', '2021-01-25 17:38:24 -0400'), ('MetadataEntry', [OrderedDict([('@key', 'HKMetadataKeySyncVersion'), ('@value', '2')]), OrderedDict([('@key', 'HKMetadataKeySyncIdentifier'), ('@value', '1D1B7DE6-8ADC-4046-B773-7D2AB8211045')])]), ('FileReference', OrderedDict([('@path', '/workout-routes/route_2021-01-25_4.38pm.gpx')]))])"
229,Walk,6.988124883174896,48.97437647201539,Cal,2021-01-25 17:47:17,"OrderedDict([('@sourceName', 'BTE-Watch'), ('@sourceVersion', '7.1'), ('@creationDate', '2021-01-25 17:47:18 -0400'), ('@startDate', '2021-01-25 17:42:31 -0400'), ('@endDate', '2021-01-25 17:45:26 -0400'), ('MetadataEntry', [OrderedDict([('@key', 'HKMetadataKeySyncVersion'), ('@value', '2')]), OrderedDict([('@key', 'HKMetadataKeySyncIdentifier'), ('@value', '5AD2C35A-31D9-4A60-80A5-7A1603C1269C')])]), ('FileReference', OrderedDict([('@path', '/workout-routes/route_2021-01-25_4.45pm.gpx')]))])"
230,Run,32.80074881712596,526.2680304587013,Cal,2021-01-27 14:42:47,"OrderedDict([('@sourceName', 'BTE-Watch'), ('@sourceVersion', '7.1'), ('@creationDate', '2021-01-27 14:42:49 -0400'), ('@startDate', '2021-01-27 14:09:57 -0400'), ('@endDate', '2021-01-27 14:42:44 -0400'), ('MetadataEntry', [OrderedDict([('@key', 'HKMetadataKeySyncVersion'), ('@value', '2')]), OrderedDict([('@key', 'HKMetadataKeySyncIdentifier'), ('@value', 'B28406BC-FE1C-4C32-B529-759E2AD0ADE6')])]), ('FileReference', OrderedDict([('@path', '/workout-routes/route_2021-01-27_1.42pm.gpx')]))])"
231,Walk,31.11350610057513,129.4360000000002,Cal,2021-01-28 17:59:57,"OrderedDict([('@sourceName', 'BTE-Watch'), ('@sourceVersion', '7.1'), ('@creationDate', '2021-01-28 17:59:59 -0400'), ('@startDate', '2021-01-28 17:29:59 -0400'), ('@endDate', '2021-01-28 17:52:29 -0400'), ('MetadataEntry', [OrderedDict([('@key', 'HKMetadataKeySyncVersion'), ('@value', '2')]), OrderedDict([('@key', 'HKMetadataKeySyncIdentifier'), ('@value', 'F9048D04-698F-44B1-AE79-65B9787F2679')])]), ('FileReference', OrderedDict([('@path', '/workout-routes/route_2021-01-28_4.52pm.gpx')]))])"
232,Walk,10.91217870116234,86.40546234072613,Cal,2021-01-28 22:18:58,
233,Strength,42.72730676730474,224.3879643749926,Cal,2021-01-29 08:43:05,
234,Walk,12.48980441490809,54.32515009039241,Cal,2021-01-29 19:03:35,"OrderedDict([('@sourceName', 'BTE-Watch'), ('@sourceVersion', '7.1'), ('@creationDate', '2021-01-29 19:03:35 -0400'), ('@startDate', '2021-01-29 18:51:10 -0400'), ('@endDate', '2021-01-29 19:03:32 -0400'), ('MetadataEntry', [OrderedDict([('@key', 'HKMetadataKeySyncVersion'), ('@value', '2')]), OrderedDict([('@key', 'HKMetadataKeySyncIdentifier'), ('@value', 'A80AC8F2-889A-45B1-80E1-C3FE552B049B')])]), ('FileReference', OrderedDict([('@path', '/workout-routes/route_2021-01-29_6.03pm.gpx')]))])"
235,Walk,21.92679136594137,71.36126633495383,Cal,2021-01-29 19:25:54,"OrderedDict([('@sourceName', 'BTE-Watch'), ('@sourceVersion', '7.1'), ('@creationDate', '2021-01-29 19:25:55 -0400'), ('@startDate', '2021-01-29 19:03:56 -0400'), ('@endDate', '2021-01-29 19:25:51 -0400'), ('MetadataEntry', [OrderedDict([('@key', 'HKMetadataKeySyncVersion'), ('@value', '2')]), OrderedDict([('@key', 'HKMetadataKeySyncIdentifier'), ('@value', 'EDAF8B49-6A9B-4554-AFDD-D1D47BD0739D')])]), ('FileReference', OrderedDict([('@path', '/workout-routes/route_2021-01-29_6.25pm.gpx')]))])"
236,Walk,58.13654406666755,340.2139203900045,Cal,2021-01-30 22:39:44,"OrderedDict([('@sourceName', 'BTE-Watch'), ('@sourceVersion', '7.1'), ('@creationDate', '2021-01-30 22:39:46 -0400'), ('@startDate', '2021-01-30 21:41:35 -0400'), ('@endDate', '2021-01-30 22:39:42 -0400'), ('MetadataEntry', [OrderedDict([('@key', 'HKMetadataKeySyncVersion'), ('@value', '2')]), OrderedDict([('@key', 'HKMetadataKeySyncIdentifier'), ('@value', '8EBA4783-3EF0-4AD0-A197-4731EB5877D4')])]), ('FileReference', OrderedDict([('@path', '/workout-routes/route_2021-01-30_9.39pm.gpx')]))])"
237,Strength,45.41553204854329,408.1302914218842,Cal,2021-01-31 15:57:46,
238,Walk,12.05198863347371,88.60033576877296,Cal,2021-02-01 11:50:27,"OrderedDict([('@sourceName', 'BTE-Watch'), ('@sourceVersion', '7.1'), ('@creationDate', '2021-02-01 11:50:28 -0400'), ('@startDate', '2021-02-01 11:38:22 -0400'), ('@endDate', '2021-02-01 11:46:38 -0400'), ('MetadataEntry', [OrderedDict([('@key', 'HKMetadataKeySyncVersion'), ('@value', '2')]), OrderedDict([('@key', 'HKMetadataKeySyncIdentifier'), ('@value', '979B7390-720A-418F-9FAD-8808ACFC3365')])]), ('FileReference', OrderedDict([('@path', '/workout-routes/route_2021-02-01_10.46am.gpx')]))])"
239,Walk,65.55989588300388,326.044189280836,Cal,2021-02-02 18:17:51,"OrderedDict([('@sourceName', 'BTE-Watch'), ('@sourceVersion', '7.1'), ('@creationDate', '2021-02-02 18:17:53 -0400'), ('@startDate', '2021-02-02 17:12:18 -0400'), ('@endDate', '2021-02-02 18:17:48 -0400'), ('MetadataEntry', [OrderedDict([('@key', 'HKMetadataKeySyncVersion'), ('@value', '2')]), OrderedDict([('@key', 'HKMetadataKeySyncIdentifier'), ('@value', 'C65FD364-503B-4E11-974F-F71A167827D1')])]), ('FileReference', OrderedDict([('@path', '/workout-routes/route_2021-02-02_5.17pm.gpx')]))])"
240,Run,3.28019601504008,27.35899999999999,Cal,2021-02-03 18:18:44,
241,Run,19.53288483421008,257.1725220704395,Cal,2021-02-03 19:31:23,
242,Walk,28.31755158305168,171.7290076508534,Cal,2021-02-04 16:19:11,"OrderedDict([('@sourceName', 'BTE-Watch'), ('@sourceVersion', '7.1'), ('@creationDate', '2021-02-04 16:19:12 -0400'), ('@startDate', '2021-02-04 15:50:58 -0400'), ('@endDate', '2021-02-04 16:19:07 -0400'), ('MetadataEntry', [OrderedDict([('@key', 'HKMetadataKeySyncVersion'), ('@value', '2')]), OrderedDict([('@key', 'HKMetadataKeySyncIdentifier'), ('@value', '4FC523ED-212F-4A28-85EE-896701F7E36B')])]), ('FileReference', OrderedDict([('@path', '/workout-routes/route_2021-02-04_3.19pm.gpx')]))])"
243,Walk,40.19937943418821,233.1738042797658,Cal,2021-02-04 17:42:14,"OrderedDict([('@sourceName', 'BTE-Watch'), ('@sourceVersion', '7.1'), ('@creationDate', '2021-02-04 17:42:15 -0400'), ('@startDate', '2021-02-04 17:02:03 -0400'), ('@endDate', '2021-02-04 17:42:11 -0400'), ('MetadataEntry', [OrderedDict([('@key', 'HKMetadataKeySyncVersion'), ('@value', '2')]), OrderedDict([('@key', 'HKMetadataKeySyncIdentifier'), ('@value', '18E374B1-F14C-42B1-8241-D087BCBCECB0')])]), ('FileReference', OrderedDict([('@path', '/workout-routes/route_2021-02-04_4.42pm.gpx')]))])"
244,Walk,13.44120003183683,93.39993871952036,Cal,2021-02-05 11:46:23,"OrderedDict([('@sourceName', 'BTE-Watch'), ('@sourceVersion', '7.1'), ('@creationDate', '2021-02-05 11:46:24 -0400'), ('@startDate', '2021-02-05 11:34:08 -0400'), ('@endDate', '2021-02-05 11:45:37 -0400'), ('MetadataEntry', [OrderedDict([('@key', 'HKMetadataKeySyncVersion'), ('@value', '2')]), OrderedDict([('@key', 'HKMetadataKeySyncIdentifier'), ('@value', 'A0E4E150-E072-4979-B8F2-AD14631C1169')])]), ('FileReference', OrderedDict([('@path', '/workout-routes/route_2021-02-05_10.45am.gpx')]))])"
245,Walk,30.68453332980474,142.9982470443826,Cal,2021-02-05 13:21:06,"OrderedDict([('@sourceName', 'BTE-Watch'), ('@sourceVersion', '7.1'), ('@creationDate', '2021-02-05 13:21:07 -0400'), ('@startDate', '2021-02-05 13:00:30 -0400'), ('@endDate', '2021-02-05 13:07:07 -0400'), ('MetadataEntry', [OrderedDict([('@key', 'HKMetadataKeySyncVersion'), ('@value', '2')]), OrderedDict([('@key', 'HKMetadataKeySyncIdentifier'), ('@value', '4F38A286-DDE7-4AE8-A2B7-9015F5710AC7')])]), ('FileReference', OrderedDict([('@path', '/workout-routes/route_2021-02-05_12.07pm.gpx')]))])"
246,Walk,17.48897026578585,116.0987565153766,Cal,2021-02-07 21:36:00,"OrderedDict([('@sourceName', 'BTE-Watch'), ('@sourceVersion', '7.1'), ('@creationDate', '2021-02-07 21:36:01 -0400'), ('@startDate', '2021-02-07 21:20:05 -0400'), ('@endDate', '2021-02-07 21:32:25 -0400'), ('MetadataEntry', [OrderedDict([('@key', 'HKMetadataKeySyncVersion'), ('@value', '2')]), OrderedDict([('@key', 'HKMetadataKeySyncIdentifier'), ('@value', '6EEBEB8A-EB87-476B-B0AD-2021DF3A0714')])]), ('FileReference', OrderedDict([('@path', '/workout-routes/route_2021-02-07_8.32pm.gpx')]))])"
247,Walk,37.05972603360812,185.4031449447905,Cal,2021-02-07 23:21:30,"OrderedDict([('@sourceName', 'BTE-Watch'), ('@sourceVersion', '7.1'), ('@creationDate', '2021-02-07 23:21:32 -0400'), ('@startDate', '2021-02-07 22:45:53 -0400'), ('@endDate', '2021-02-07 23:16:39 -0400'), ('MetadataEntry', [OrderedDict([('@key', 'HKMetadataKeySyncVersion'), ('@value', '2')]), OrderedDict([('@key', 'HKMetadataKeySyncIdentifier'), ('@value', '8B8ABAA1-00A1-42D9-9BF6-F1063691CE20')])]), ('FileReference', OrderedDict([('@path', '/workout-routes/route_2021-02-07_10.16pm.gpx')]))])"
248,Walk,19.21951446533203,105.695865266844,Cal,2021-02-08 11:53:57,"OrderedDict([('@sourceName', 'BTE-Watch'), ('@sourceVersion', '7.1'), ('@creationDate', '2021-02-08 11:53:58 -0400'), ('@startDate', '2021-02-08 11:36:35 -0400'), ('@endDate', '2021-02-08 11:53:54 -0400'), ('MetadataEntry', [OrderedDict([('@key', 'HKMetadataKeySyncVersion'), ('@value', '2')]), OrderedDict([('@key', 'HKMetadataKeySyncIdentifier'), ('@value', '596B210F-C270-47E3-AFC0-3CE7B9B3D9D3')])]), ('FileReference', OrderedDict([('@path', '/workout-routes/route_2021-02-08_10.53am.gpx')]))])"
249,Walk,21.69509994983673,109.182,Cal,2021-02-08 13:10:09,"OrderedDict([('@sourceName', 'BTE-Watch'), ('@sourceVersion', '7.1'), ('@creationDate', '2021-02-08 13:10:10 -0400'), ('@startDate', '2021-02-08 12:48:25 -0400'), ('@endDate', '2021-02-08 13:03:48 -0400'), ('MetadataEntry', [OrderedDict([('@key', 'HKMetadataKeySyncVersion'), ('@value', '2')]), OrderedDict([('@key', 'HKMetadataKeySyncIdentifier'), ('@value', 'FFF3FC16-13A6-4AEF-9BD8-AD24801D1E4A')])]), ('FileReference', OrderedDict([('@path', '/workout-routes/route_2021-02-08_12.03pm.gpx')]))])"
250,Walk,15.01301568349202,77.52925459079957,Cal,2021-02-08 15:47:50,"OrderedDict([('@sourceName', 'BTE-Watch'), ('@sourceVersion', '7.1'), ('@creationDate', '2021-02-08 15:47:51 -0400'), ('@startDate', '2021-02-08 15:33:48 -0400'), ('@endDate', '2021-02-08 15:42:33 -0400'), ('MetadataEntry', [OrderedDict([('@key', 'HKMetadataKeySyncVersion'), ('@value', '2')]), OrderedDict([('@key', 'HKMetadataKeySyncIdentifier'), ('@value', '9154AA48-7309-4B21-8004-0B75CA274274')])]), ('FileReference', OrderedDict([('@path', '/workout-routes/route_2021-02-08_2.42pm.gpx')]))])"
251,Walk,14.53983361721039,81.05781108439785,Cal,2021-02-08 16:57:28,"OrderedDict([('@sourceName', 'BTE-Watch'), ('@sourceVersion', '7.1'), ('@creationDate', '2021-02-08 16:57:28 -0400'), ('@startDate', '2021-02-08 16:42:53 -0400'), ('@endDate', '2021-02-08 16:50:49 -0400'), ('MetadataEntry', [OrderedDict([('@key', 'HKMetadataKeySyncVersion'), ('@value', '2')]), OrderedDict([('@key', 'HKMetadataKeySyncIdentifier'), ('@value', '4638865C-4CAF-454B-B858-7A6F317B6575')])]), ('FileReference', OrderedDict([('@path', '/workout-routes/route_2021-02-08_3.50pm.gpx')]))])"
252,Strength,40.44180659850439,376.4184418574553,Cal,2021-02-08 18:44:37,
253,Walk,16.03755584955216,84.40905239951248,Cal,2021-02-08 20:17:44,"OrderedDict([('@sourceName', 'BTE-Watch'), ('@sourceVersion', '7.1'), ('@creationDate', '2021-02-08 20:17:44 -0400'), ('@startDate', '2021-02-08 20:11:47 -0400'), ('@endDate', '2021-02-08 20:17:42 -0400'), ('MetadataEntry', [OrderedDict([('@key', 'HKMetadataKeySyncVersion'), ('@value', '2')]), OrderedDict([('@key', 'HKMetadataKeySyncIdentifier'), ('@value', '17E9E028-33D1-4EA5-8161-4D6C397BE8EF')])]), ('FileReference', OrderedDict([('@path', '/workout-routes/route_2021-02-08_7.17pm.gpx')]))])"
254,Walk,41.4176405330499,207.7549576865369,Cal,2021-02-09 16:26:29,"OrderedDict([('@sourceName', 'BTE-Watch'), ('@sourceVersion', '7.1'), ('@creationDate', '2021-02-09 16:26:31 -0400'), ('@startDate', '2021-02-09 15:45:02 -0400'), ('@endDate', '2021-02-09 16:16:48 -0400'), ('MetadataEntry', [OrderedDict([('@key', 'HKMetadataKeySyncVersion'), ('@value', '2')]), OrderedDict([('@key', 'HKMetadataKeySyncIdentifier'), ('@value', '3FA5C9ED-E15D-4EB3-B08F-9184EDA73317')])]), ('FileReference', OrderedDict([('@path', '/workout-routes/route_2021-02-09_3.16pm.gpx')]))])"
255,Walk,21.69381626447042,122.9151433283317,Cal,2021-02-09 19:07:28,"OrderedDict([('@sourceName', 'BTE-Watch'), ('@sourceVersion', '7.1'), ('@creationDate', '2021-02-09 19:07:29 -0400'), ('@startDate', '2021-02-09 19:02:30 -0400'), ('@endDate', '2021-02-09 19:07:27 -0400'), ('MetadataEntry', [OrderedDict([('@key', 'HKMetadataKeySyncVersion'), ('@value', '2')]), OrderedDict([('@key', 'HKMetadataKeySyncIdentifier'), ('@value', 'EB54A945-E039-4A81-A2B7-CD8BFAA96A7F')])]), ('FileReference', OrderedDict([('@path', '/workout-routes/route_2021-02-09_6.07pm.gpx')]))])"
256,Run,25.90123566786448,398.9160000000005,Cal,2021-02-09 19:35:18,"OrderedDict([('@sourceName', 'BTE-Watch'), ('@sourceVersion', '7.1'), ('@creationDate', '2021-02-09 19:35:19 -0400'), ('@startDate', '2021-02-09 19:09:21 -0400'), ('@endDate', '2021-02-09 19:35:14 -0400'), ('MetadataEntry', [OrderedDict([('@key', 'HKMetadataKeySyncVersion'), ('@value', '2')]), OrderedDict([('@key', 'HKMetadataKeySyncIdentifier'), ('@value', '8F0E377A-3933-4FAA-B4B7-51D8FEC096AD')])]), ('FileReference', OrderedDict([('@path', '/workout-routes/route_2021-02-09_6.35pm.gpx')]))])"
257,Strength,32.32496075034142,390.7756446345117,Cal,2021-02-09 20:27:30,
258,Walk,20.15070267120997,109.1797313626955,Cal,2021-02-10 13:25:58,"OrderedDict([('@sourceName', 'BTE-Watch'), ('@sourceVersion', '7.1'), ('@creationDate', '2021-02-10 13:25:59 -0400'), ('@startDate', '2021-02-10 13:15:52 -0400'), ('@endDate', '2021-02-10 13:25:57 -0400'), ('MetadataEntry', [OrderedDict([('@key', 'HKMetadataKeySyncVersion'), ('@value', '2')]), OrderedDict([('@key', 'HKMetadataKeySyncIdentifier'), ('@value', 'AFFFBE53-70CC-40B2-88ED-13CBF2C27DCC')])]), ('FileReference', OrderedDict([('@path', '/workout-routes/route_2021-02-10_12.25pm.gpx')]))])"
259,Walk,67.12205844918887,420.4514334184673,Cal,2021-02-11 14:11:01,"OrderedDict([('@sourceName', 'BTE-Watch'), ('@sourceVersion', '7.1'), ('@creationDate', '2021-02-11 14:11:03 -0400'), ('@startDate', '2021-02-11 13:05:41 -0400'), ('@endDate', '2021-02-11 14:10:51 -0400'), ('MetadataEntry', [OrderedDict([('@key', 'HKMetadataKeySyncVersion'), ('@value', '2')]), OrderedDict([('@key', 'HKMetadataKeySyncIdentifier'), ('@value', '8DB78580-66C9-4483-9FDB-589AAA833160')])]), ('FileReference', OrderedDict([('@path', '/workout-routes/route_2021-02-11_1.10pm.gpx')]))])"
260,Walk,17.79515190124512,120.0148323079573,Cal,2021-02-12 11:53:28,"OrderedDict([('@sourceName', 'BTE-Watch'), ('@sourceVersion', '7.1'), ('@creationDate', '2021-02-12 11:53:29 -0400'), ('@startDate', '2021-02-12 11:36:57 -0400'), ('@endDate', '2021-02-12 11:52:39 -0400'), ('MetadataEntry', [OrderedDict([('@key', 'HKMetadataKeySyncVersion'), ('@value', '2')]), OrderedDict([('@key', 'HKMetadataKeySyncIdentifier'), ('@value', 'FD0303BA-C5FD-4D12-BD23-C62C08AFE0CD')])]), ('FileReference', OrderedDict([('@path', '/workout-routes/route_2021-02-12_10.52am.gpx')]))])"
261,Walk,14.53065991600355,89.70178276355257,Cal,2021-02-12 13:05:44,"OrderedDict([('@sourceName', 'BTE-Watch'), ('@sourceVersion', '7.1'), ('@creationDate', '2021-02-12 13:05:45 -0400'), ('@startDate', '2021-02-12 12:51:13 -0400'), ('@endDate', '2021-02-12 13:05:29 -0400'), ('MetadataEntry', [OrderedDict([('@key', 'HKMetadataKeySyncVersion'), ('@value', '2')]), OrderedDict([('@key', 'HKMetadataKeySyncIdentifier'), ('@value', '261C156D-79A4-4898-A72A-DEF51BCF6B8D')])]), ('FileReference', OrderedDict([('@path', '/workout-routes/route_2021-02-12_12.05pm.gpx')]))])"
262,Walk,55.58432851632436,190.2670346439861,Cal,2021-02-12 16:13:40,"OrderedDict([('@sourceName', 'BTE-Watch'), ('@sourceVersion', '7.1'), ('@creationDate', '2021-02-12 16:13:42 -0400'), ('@startDate', '2021-02-12 15:20:01 -0400'), ('@endDate', '2021-02-12 16:13:37 -0400'), ('MetadataEntry', [OrderedDict([('@key', 'HKMetadataKeySyncVersion'), ('@value', '2')]), OrderedDict([('@key', 'HKMetadataKeySyncIdentifier'), ('@value', 'F9D27C32-E9C3-4714-8712-24C0A656EE59')])]), ('FileReference', OrderedDict([('@path', '/workout-routes/route_2021-02-12_3.13pm.gpx')]))])"
263,Walk,23.1165341158708,246.9698288656041,Cal,2021-02-17 00:03:12,
264,Run,18.18125121593475,280.8980847453071,Cal,2021-02-17 00:21:33,
265,Strength,11.47346795002619,145.5268716411012,Cal,2021-02-17 01:03:44,
266,Walk,12.37871013283729,97.35536888037224,Cal,2021-02-17 11:21:09,"OrderedDict([('@sourceName', 'BTE-Watch'), ('@sourceVersion', '7.1'), ('@creationDate', '2021-02-17 11:21:10 -0400'), ('@startDate', '2021-02-17 11:08:45 -0400'), ('@endDate', '2021-02-17 11:20:26 -0400'), ('MetadataEntry', [OrderedDict([('@key', 'HKMetadataKeySyncVersion'), ('@value', '2')]), OrderedDict([('@key', 'HKMetadataKeySyncIdentifier'), ('@value', '197F7E51-BB17-4E7C-9FCC-09A13908CB30')])]), ('FileReference', OrderedDict([('@path', '/workout-routes/route_2021-02-17_10.20am.gpx')]))])"
267,Walk,18.7851291000843,87.67230838680702,Cal,2021-02-17 13:17:50,"OrderedDict([('@sourceName', 'BTE-Watch'), ('@sourceVersion', '7.1'), ('@creationDate', '2021-02-17 13:17:51 -0400'), ('@startDate', '2021-02-17 12:59:01 -0400'), ('@endDate', '2021-02-17 13:09:20 -0400'), ('MetadataEntry', [OrderedDict([('@key', 'HKMetadataKeySyncVersion'), ('@value', '2')]), OrderedDict([('@key', 'HKMetadataKeySyncIdentifier'), ('@value', '82FF0551-FEAB-4728-B032-92786415736B')])]), ('FileReference', OrderedDict([('@path', '/workout-routes/route_2021-02-17_12.09pm.gpx')]))])"
268,Walk,16.27841815153758,92.0054407635869,Cal,2021-02-17 15:35:09,"OrderedDict([('@sourceName', 'BTE-Watch'), ('@sourceVersion', '7.1'), ('@creationDate', '2021-02-17 15:35:11 -0400'), ('@startDate', '2021-02-17 15:28:57 -0400'), ('@endDate', '2021-02-17 15:31:02 -0400'), ('MetadataEntry', [OrderedDict([('@key', 'HKMetadataKeySyncVersion'), ('@value', '2')]), OrderedDict([('@key', 'HKMetadataKeySyncIdentifier'), ('@value', '062F42A2-F35D-4AE8-B5BC-0158C7FFABD0')])]), ('FileReference', OrderedDict([('@path', '/workout-routes/route_2021-02-17_2.31pm.gpx')]))])"
269,Strength,41.45724939902623,236.8312768014661,Cal,2021-02-17 20:02:44,
270,Walk,37.0834089199702,242.3290176537499,Cal,2021-02-18 17:43:54,"OrderedDict([('@sourceName', 'BTE-Watch'), ('@sourceVersion', '7.1'), ('@creationDate', '2021-02-18 17:43:56 -0400'), ('@startDate', '2021-02-18 17:16:56 -0400'), ('@endDate', '2021-02-18 17:43:52 -0400'), ('MetadataEntry', [OrderedDict([('@key', 'HKMetadataKeySyncVersion'), ('@value', '2')]), OrderedDict([('@key', 'HKMetadataKeySyncIdentifier'), ('@value', '644CE0B9-4976-41FF-8B7E-159DD37417E0')])]), ('FileReference', OrderedDict([('@path', '/workout-routes/route_2021-02-18_4.43pm.gpx')]))])"
271,Walk,4.976260550816854,39.64596210679373,Cal,2021-02-18 22:35:47,
272,Run,18.37528220017751,276.4309930726607,Cal,2021-02-18 22:54:32,
273,Run,13.10542256633441,180.8818818394292,Cal,2021-02-18 23:07:47,
274,Walk,24.89511441588402,138.8347234491923,Cal,2021-02-19 11:10:23,"OrderedDict([('@sourceName', 'BTE-Watch'), ('@sourceVersion', '7.1'), ('@creationDate', '2021-02-19 11:10:24 -0400'), ('@startDate', '2021-02-19 10:47:43 -0400'), ('@endDate', '2021-02-19 11:08:59 -0400'), ('MetadataEntry', [OrderedDict([('@key', 'HKMetadataKeySyncVersion'), ('@value', '2')]), OrderedDict([('@key', 'HKMetadataKeySyncIdentifier'), ('@value', '4D5CACDD-EB57-4537-A61C-C2046D44B5E7')])]), ('FileReference', OrderedDict([('@path', '/workout-routes/route_2021-02-19_10.08am.gpx')]))])"
275,Run,1.25035751859347,15.42259145846077,Cal,2021-02-19 21:25:49,
276,Run,26.50652890006701,429.4559999999988,Cal,2021-02-19 21:52:37,"OrderedDict([('@sourceName', 'BTE-Watch'), ('@sourceVersion', '7.1'), ('@creationDate', '2021-02-19 21:52:38 -0400'), ('@startDate', '2021-02-19 21:26:03 -0400'), ('@endDate', '2021-02-19 21:52:34 -0400'), ('MetadataEntry', [OrderedDict([('@key', 'HKMetadataKeySyncVersion'), ('@value', '2')]), OrderedDict([('@key', 'HKMetadataKeySyncIdentifier'), ('@value', 'AB697899-9F5C-42F5-90DC-B397F0065E11')])]), ('FileReference', OrderedDict([('@path', '/workout-routes/route_2021-02-19_8.52pm.gpx')]))])"
277,Walk,16.42260195016861,118.6173712501929,Cal,2021-02-19 22:35:52,"OrderedDict([('@sourceName', 'BTE-Watch'), ('@sourceVersion', '7.1'), ('@creationDate', '2021-02-19 22:35:54 -0400'), ('@startDate', '2021-02-19 21:52:41 -0400'), ('@endDate', '2021-02-19 22:07:06 -0400'), ('MetadataEntry', [OrderedDict([('@key', 'HKMetadataKeySyncVersion'), ('@value', '2')]), OrderedDict([('@key', 'HKMetadataKeySyncIdentifier'), ('@value', '8B6643EC-4DA1-4994-A54B-0BEAB357377D')])]), ('FileReference', OrderedDict([('@path', '/workout-routes/route_2021-02-19_9.07pm.gpx')]))])"
278,Walk,26.50807479023933,173.3943174058276,Cal,2021-02-21 22:02:44,"OrderedDict([('@sourceName', 'BTE-Watch'), ('@sourceVersion', '7.1'), ('@creationDate', '2021-02-21 22:02:44 -0400'), ('@startDate', '2021-02-21 21:26:53 -0400'), ('@endDate', '2021-02-21 21:31:20 -0400'), ('MetadataEntry', [OrderedDict([('@key', 'HKMetadataKeySyncVersion'), ('@value', '2')]), OrderedDict([('@key', 'HKMetadataKeySyncIdentifier'), ('@value', 'BBDD4A4C-7065-4DFF-9E16-9F9247084357')])]), ('FileReference', OrderedDict([('@path', '/workout-routes/route_2021-02-21_8.31pm.gpx')]))])"
279,Run,20.80718676646551,294.0245216854781,Cal,2021-02-21 22:23:39,
280,Strength,27.63931885162989,337.0850000000008,Cal,2021-02-21 22:51:24,
281,Walk,13.3584054172039,72.10715391755426,Cal,2021-02-22 15:33:18,"OrderedDict([('@sourceName', 'BTE-Watch'), ('@sourceVersion', '7.1'), ('@creationDate', '2021-02-22 15:33:19 -0400'), ('@startDate', '2021-02-22 15:19:56 -0400'), ('@endDate', '2021-02-22 15:33:16 -0400'), ('MetadataEntry', [OrderedDict([('@key', 'HKMetadataKeySyncVersion'), ('@value', '2')]), OrderedDict([('@key', 'HKMetadataKeySyncIdentifier'), ('@value', '01797F11-1831-475E-9467-9A75637AA42C')])]), ('FileReference', OrderedDict([('@path', '/workout-routes/route_2021-02-22_2.33pm.gpx')]))])"
282,Walk,27.83205013275147,146.1876912877374,Cal,2021-02-22 19:37:24,"OrderedDict([('@sourceName', 'BTE-Watch'), ('@sourceVersion', '7.1'), ('@creationDate', '2021-02-22 19:37:26 -0400'), ('@startDate', '2021-02-22 19:11:21 -0400'), ('@endDate', '2021-02-22 19:34:24 -0400'), ('MetadataEntry', [OrderedDict([('@key', 'HKMetadataKeySyncVersion'), ('@value', '2')]), OrderedDict([('@key', 'HKMetadataKeySyncIdentifier'), ('@value', '8ACDC769-882A-4BB0-B6DE-87A25B2244B0')])]), ('FileReference', OrderedDict([('@path', '/workout-routes/route_2021-02-22_6.34pm.gpx')]))])"
283,Walk,19.3222998658816,188.8579674752751,Cal,2021-02-22 20:40:09,
284,Run,8.07839503288269,111.5973389253094,Cal,2021-02-22 20:48:20,
285,Walk,6.654011565446853,51.03795140880248,Cal,2021-02-22 20:55:07,
286,Strength,19.71131188472112,137.3166558175509,Cal,2021-02-22 21:16:48,
287,Walk,60.54441690444946,307.3887776515208,Cal,2021-02-23 23:54:35,"OrderedDict([('@sourceName', 'BTE-Watch'), ('@sourceVersion', '7.1'), ('@creationDate', '2021-02-23 23:54:37 -0400'), ('@startDate', '2021-02-23 23:24:46 -0400'), ('@endDate', '2021-02-23 23:54:33 -0400'), ('MetadataEntry', [OrderedDict([('@key', 'HKMetadataKeySyncVersion'), ('@value', '2')]), OrderedDict([('@key', 'HKMetadataKeySyncIdentifier'), ('@value', '3311258F-CCF5-443C-AE83-CA5919D076DD')])]), ('FileReference', OrderedDict([('@path', '/workout-routes/route_2021-02-23_10.54pm.gpx')]))])"
288,Walk,25.17344261606534,109.9740000000002,Cal,2021-02-24 00:19:53,"OrderedDict([('@sourceName', 'BTE-Watch'), ('@sourceVersion', '7.1'), ('@creationDate', '2021-02-24 00:19:54 -0400'), ('@startDate', '2021-02-23 23:54:40 -0400'), ('@endDate', '2021-02-24 00:19:50 -0400'), ('MetadataEntry', [OrderedDict([('@key', 'HKMetadataKeySyncVersion'), ('@value', '2')]), OrderedDict([('@key', 'HKMetadataKeySyncIdentifier'), ('@value', '38FBC277-17A0-49C6-B3CC-2F9F995533CE')])]), ('FileReference', OrderedDict([('@path', '/workout-routes/route_2021-02-23_11.19pm.gpx')]))])"
289,Walk,65.61269151568413,396.4854346622196,Cal,2021-02-25 14:14:43,"OrderedDict([('@sourceName', 'BTE-Watch'), ('@sourceVersion', '7.1'), ('@creationDate', '2021-02-25 14:14:47 -0400'), ('@startDate', '2021-02-25 13:03:26 -0400'), ('@endDate', '2021-02-25 14:06:12 -0400'), ('MetadataEntry', [OrderedDict([('@key', 'HKMetadataKeySyncVersion'), ('@value', '2')]), OrderedDict([('@key', 'HKMetadataKeySyncIdentifier'), ('@value', '76149B70-465C-4B58-8039-9281C96B23E4')])]), ('FileReference', OrderedDict([('@path', '/workout-routes/route_2021-02-25_1.06pm.gpx')]))])"
290,Run,31.88361536661784,505.8010843974014,Cal,2021-02-25 14:55:05,"OrderedDict([('@sourceName', 'BTE-Watch'), ('@sourceVersion', '7.1'), ('@creationDate', '2021-02-25 14:55:07 -0400'), ('@startDate', '2021-02-25 14:23:10 -0400'), ('@endDate', '2021-02-25 14:55:03 -0400'), ('MetadataEntry', [OrderedDict([('@key', 'HKMetadataKeySyncVersion'), ('@value', '2')]), OrderedDict([('@key', 'HKMetadataKeySyncIdentifier'), ('@value', 'A1B19AE7-18AC-4C00-8D47-156DCD6259F4')])]), ('FileReference', OrderedDict([('@path', '/workout-routes/route_2021-02-25_1.55pm.gpx')]))])"
291,Strength,8.03806604941686,112.1301769244912,Cal,2021-02-25 15:13:11,
292,Walk,29.32260061701139,134.8535873538016,Cal,2021-02-27 01:19:41,"OrderedDict([('@sourceName', 'BTE-Watch'), ('@sourceVersion', '7.1'), ('@creationDate', '2021-02-27 01:19:43 -0400'), ('@startDate', '2021-02-27 00:50:19 -0400'), ('@endDate', '2021-02-27 01:17:32 -0400'), ('MetadataEntry', [OrderedDict([('@key', 'HKMetadataKeySyncVersion'), ('@value', '2')]), OrderedDict([('@key', 'HKMetadataKeySyncIdentifier'), ('@value', 'B4481E3D-FC59-4A8A-92E8-62DF41957636')])]), ('FileReference', OrderedDict([('@path', '/workout-routes/route_2021-02-27_12.17am.gpx')]))])"
293,Walk,13.2730188091596,59.13336258639659,Cal,2021-02-27 02:45:59,"OrderedDict([('@sourceName', 'BTE-Watch'), ('@sourceVersion', '7.1'), ('@creationDate', '2021-02-27 02:45:59 -0400'), ('@startDate', '2021-02-27 02:45:47 -0400'), ('@endDate', '2021-02-27 02:45:56 -0400'), ('MetadataEntry', [OrderedDict([('@key', 'HKMetadataKeySyncVersion'), ('@value', '2')]), OrderedDict([('@key', 'HKMetadataKeySyncIdentifier'), ('@value', '4A728061-176C-4392-BAF1-AB5EC33A64F3')])]), ('FileReference', OrderedDict([('@path', '/workout-routes/route_2021-02-27_1.45am.gpx')]))])"
294,Walk,18.8812347471714,73.01907915285534,Cal,2021-02-27 15:38:37,"OrderedDict([('@sourceName', 'BTE-Watch'), ('@sourceVersion', '7.1'), ('@creationDate', '2021-02-27 15:38:38 -0400'), ('@startDate', '2021-02-27 15:29:49 -0400'), ('@endDate', '2021-02-27 15:38:34 -0400'), ('MetadataEntry', [OrderedDict([('@key', 'HKMetadataKeySyncVersion'), ('@value', '2')]), OrderedDict([('@key', 'HKMetadataKeySyncIdentifier'), ('@value', '85E835E1-3894-488E-8843-8500BB77184D')])]), ('FileReference', OrderedDict([('@path', '/workout-routes/route_2021-02-27_2.38pm.gpx')]))])"
295,Walk,16.18747075001399,79.25425279422385,Cal,2021-02-27 16:41:27,"OrderedDict([('@sourceName', 'BTE-Watch'), ('@sourceVersion', '7.1'), ('@creationDate', '2021-02-27 16:41:28 -0400'), ('@startDate', '2021-02-27 16:35:22 -0400'), ('@endDate', '2021-02-27 16:41:25 -0400'), ('MetadataEntry', [OrderedDict([('@key', 'HKMetadataKeySyncVersion'), ('@value', '2')]), OrderedDict([('@key', 'HKMetadataKeySyncIdentifier'), ('@value', 'AEB3F327-3FD1-4923-B10D-1A2338DACE3D')])]), ('FileReference', OrderedDict([('@path', '/workout-routes/route_2021-02-27_3.41pm.gpx')]))])"
296,Walk,38.41028314431508,134.5071788667352,Cal,2021-02-27 17:48:57,"OrderedDict([('@sourceName', 'BTE-Watch'), ('@sourceVersion', '7.1'), ('@creationDate', '2021-02-27 17:48:58 -0400'), ('@startDate', '2021-02-27 17:20:34 -0400'), ('@endDate', '2021-02-27 17:48:54 -0400'), ('MetadataEntry', [OrderedDict([('@key', 'HKMetadataKeySyncVersion'), ('@value', '2')]), OrderedDict([('@key', 'HKMetadataKeySyncIdentifier'), ('@value', '090B0EF2-2EA3-4410-97DD-D046B577EDF4')])]), ('FileReference', OrderedDict([('@path', '/workout-routes/route_2021-02-27_4.48pm.gpx')]))])"
297,Walk,17.24759483337402,87.09534729928542,Cal,2021-02-27 20:02:20,"OrderedDict([('@sourceName', 'BTE-Watch'), ('@sourceVersion', '7.1'), ('@creationDate', '2021-02-27 20:02:21 -0400'), ('@startDate', '2021-02-27 19:44:27 -0400'), ('@endDate', '2021-02-27 20:02:18 -0400'), ('MetadataEntry', [OrderedDict([('@key', 'HKMetadataKeySyncVersion'), ('@value', '2')]), OrderedDict([('@key', 'HKMetadataKeySyncIdentifier'), ('@value', '6E226EED-90B3-4964-8C73-5A7C065F3CEC')])]), ('FileReference', OrderedDict([('@path', '/workout-routes/route_2021-02-27_7.02pm.gpx')]))])"
298,Walk,28.13070946733157,154.3809412117058,Cal,2021-02-27 20:34:42,"OrderedDict([('@sourceName', 'BTE-Watch'), ('@sourceVersion', '7.1'), ('@creationDate', '2021-02-27 20:34:44 -0400'), ('@startDate', '2021-02-27 20:05:40 -0400'), ('@endDate', '2021-02-27 20:34:40 -0400'), ('MetadataEntry', [OrderedDict([('@key', 'HKMetadataKeySyncVersion'), ('@value', '2')]), OrderedDict([('@key', 'HKMetadataKeySyncIdentifier'), ('@value', 'B7735C9D-FB7B-4C57-99E1-45BDD5E69E63')])]), ('FileReference', OrderedDict([('@path', '/workout-routes/route_2021-02-27_7.34pm.gpx')]))])"
299,Walk,26.8746788183848,175.3159620937938,Cal,2021-02-27 21:10:11,"OrderedDict([('@sourceName', 'BTE-Watch'), ('@sourceVersion', '7.1'), ('@creationDate', '2021-02-27 21:10:13 -0400'), ('@startDate', '2021-02-27 20:43:17 -0400'), ('@endDate', '2021-02-27 21:10:09 -0400'), ('MetadataEntry', [OrderedDict([('@key', 'HKMetadataKeySyncVersion'), ('@value', '2')]), OrderedDict([('@key', 'HKMetadataKeySyncIdentifier'), ('@value', 'CD938197-E23C-467A-87DC-DDB10ED597E8')])]), ('FileReference', OrderedDict([('@path', '/workout-routes/route_2021-02-27_8.10pm.gpx')]))])"
300,Walk,25.21443276604017,97.95585778950704,Cal,2021-02-28 01:44:04,"OrderedDict([('@sourceName', 'BTE-Watch'), ('@sourceVersion', '7.1'), ('@creationDate', '2021-02-28 01:44:05 -0400'), ('@startDate', '2021-02-28 01:28:55 -0400'), ('@endDate', '2021-02-28 01:36:58 -0400'), ('MetadataEntry', [OrderedDict([('@key', 'HKMetadataKeySyncVersion'), ('@value', '2')]), OrderedDict([('@key', 'HKMetadataKeySyncIdentifier'), ('@value', 'EDCD29FF-5AB0-4C57-94A1-B83B9D82C1C1')])]), ('FileReference', OrderedDict([('@path', '/workout-routes/route_2021-02-28_12.36am.gpx')]))])"
301,Walk,33.70728808045387,130.7499802036754,Cal,2021-02-28 15:41:59,"OrderedDict([('@sourceName', 'BTE-Watch'), ('@sourceVersion', '7.1'), ('@creationDate', '2021-02-28 15:42:00 -0400'), ('@startDate', '2021-02-28 15:27:00 -0400'), ('@endDate', '2021-02-28 15:41:57 -0400'), ('MetadataEntry', [OrderedDict([('@key', 'HKMetadataKeySyncVersion'), ('@value', '2')]), OrderedDict([('@key', 'HKMetadataKeySyncIdentifier'), ('@value', 'A50B4BD9-8FA8-4ED0-855E-0EB562E103B6')])]), ('FileReference', OrderedDict([('@path', '/workout-routes/route_2021-02-28_2.41pm.gpx')]))])"
302,Walk,34.24367828766505,190.8870397797803,Cal,2021-02-28 16:41:45,
303,Walk,22.51325288812319,105.1603368227381,Cal,2021-02-28 18:15:41,"OrderedDict([('@sourceName', 'BTE-Watch'), ('@sourceVersion', '7.1'), ('@creationDate', '2021-02-28 18:15:41 -0400'), ('@startDate', '2021-02-28 17:22:49 -0400'), ('@endDate', '2021-02-28 17:33:32 -0400'), ('MetadataEntry', [OrderedDict([('@key', 'HKMetadataKeySyncVersion'), ('@value', '2')]), OrderedDict([('@key', 'HKMetadataKeySyncIdentifier'), ('@value', '2BBC2B1D-B80F-41C2-A0E5-E76C86B2BDF3')])]), ('FileReference', OrderedDict([('@path', '/workout-routes/route_2021-02-28_4.33pm.gpx')]))])"
304,Walk,17.38952641685804,88.80964486011933,Cal,2021-02-28 19:24:45,"OrderedDict([('@sourceName', 'BTE-Watch'), ('@sourceVersion', '7.1'), ('@creationDate', '2021-02-28 19:24:46 -0400'), ('@startDate', '2021-02-28 19:07:18 -0400'), ('@endDate', '2021-02-28 19:24:43 -0400'), ('MetadataEntry', [OrderedDict([('@key', 'HKMetadataKeySyncVersion'), ('@value', '2')]), OrderedDict([('@key', 'HKMetadataKeySyncIdentifier'), ('@value', 'E3E1D104-09C1-4D5A-9055-B0E66854E707')])]), ('FileReference', OrderedDict([('@path', '/workout-routes/route_2021-02-28_6.24pm.gpx')]))])"
305,Walk,46.17302178343137,150.6971885048148,Cal,2021-03-01 20:52:34,"OrderedDict([('@sourceName', 'BTE-Watch'), ('@sourceVersion', '7.1'), ('@creationDate', '2021-03-01 20:52:38 -0400'), ('@startDate', '2021-03-01 20:05:33 -0400'), ('@endDate', '2021-03-01 20:52:31 -0400'), ('MetadataEntry', [OrderedDict([('@key', 'HKMetadataKeySyncVersion'), ('@value', '2')]), OrderedDict([('@key', 'HKMetadataKeySyncIdentifier'), ('@value', '5DF1E94B-EB39-4AC1-A46F-9EDF62A2EE7A')])]), ('FileReference', OrderedDict([('@path', '/workout-routes/route_2021-03-01_7.52pm.gpx')]))])"
306,Walk,25.78923512895902,101.4298628572271,Cal,2021-03-02 15:49:57,"OrderedDict([('@sourceName', 'BTE-Watch'), ('@sourceVersion', '7.1'), ('@creationDate', '2021-03-02 15:49:58 -0400'), ('@startDate', '2021-03-02 15:34:12 -0400'), ('@endDate', '2021-03-02 15:49:54 -0400'), ('MetadataEntry', [OrderedDict([('@key', 'HKMetadataKeySyncVersion'), ('@value', '2')]), OrderedDict([('@key', 'HKMetadataKeySyncIdentifier'), ('@value', 'E2341576-9CC4-46B4-81C6-A406F7F6BD4F')])]), ('FileReference', OrderedDict([('@path', '/workout-routes/route_2021-03-02_2.49pm.gpx')]))])"
307,Walk,14.52247579495112,94.95479695077908,Cal,2021-03-02 17:44:56,"OrderedDict([('@sourceName', 'BTE-Watch'), ('@sourceVersion', '7.1'), ('@creationDate', '2021-03-02 17:44:57 -0400'), ('@startDate', '2021-03-02 17:40:28 -0400'), ('@endDate', '2021-03-02 17:44:55 -0400'), ('MetadataEntry', [OrderedDict([('@key', 'HKMetadataKeySyncVersion'), ('@value', '2')]), OrderedDict([('@key', 'HKMetadataKeySyncIdentifier'), ('@value', 'BEC6FA4B-32DC-40D2-BADF-CBEA9C500025')])]), ('FileReference', OrderedDict([('@path', '/workout-routes/route_2021-03-02_4.44pm.gpx')]))])"
308,Walk,25.58840655287107,117.3874218948538,Cal,2021-03-02 20:54:30,"OrderedDict([('@sourceName', 'BTE-Watch'), ('@sourceVersion', '7.1'), ('@creationDate', '2021-03-02 20:54:30 -0400'), ('@startDate', '2021-03-02 20:39:00 -0400'), ('@endDate', '2021-03-02 20:54:28 -0400'), ('MetadataEntry', [OrderedDict([('@key', 'HKMetadataKeySyncVersion'), ('@value', '2')]), OrderedDict([('@key', 'HKMetadataKeySyncIdentifier'), ('@value', 'C4A7ECFC-9DC0-4CFC-9A0A-8AB18B6F8BDB')])]), ('FileReference', OrderedDict([('@path', '/workout-routes/route_2021-03-02_7.54pm.gpx')]))])"
309,Walk,15.09648605187734,66.00318710325811,Cal,2021-03-02 22:36:58,"OrderedDict([('@sourceName', 'BTE-Watch'), ('@sourceVersion', '7.1'), ('@creationDate', '2021-03-02 22:36:58 -0400'), ('@startDate', '2021-03-02 21:37:36 -0400'), ('@endDate', '2021-03-02 21:42:35 -0400'), ('MetadataEntry', [OrderedDict([('@key', 'HKMetadataKeySyncVersion'), ('@value', '2')]), OrderedDict([('@key', 'HKMetadataKeySyncIdentifier'), ('@value', 'B57EDBAA-DE6C-41B3-A0B6-AA92B5851833')])]), ('FileReference', OrderedDict([('@path', '/workout-routes/route_2021-03-02_8.42pm.gpx')]))])"
310,Walk,18.40958842039108,69.4883207236427,Cal,2021-03-03 02:40:00,"OrderedDict([('@sourceName', 'BTE-Watch'), ('@sourceVersion', '7.1'), ('@creationDate', '2021-03-03 02:40:01 -0400'), ('@startDate', '2021-03-03 02:32:03 -0400'), ('@endDate', '2021-03-03 02:39:57 -0400'), ('MetadataEntry', [OrderedDict([('@key', 'HKMetadataKeySyncVersion'), ('@value', '2')]), OrderedDict([('@key', 'HKMetadataKeySyncIdentifier'), ('@value', '005CD707-152E-47C4-A8DA-FF6909FF5B6C')])]), ('FileReference', OrderedDict([('@path', '/workout-routes/route_2021-03-03_1.39am.gpx')]))])"
311,Walk,46.26221061348915,293.5882713265478,Cal,2021-03-04 18:42:40,"OrderedDict([('@sourceName', 'BTE-Watch'), ('@sourceVersion', '7.1'), ('@creationDate', '2021-03-04 18:42:43 -0400'), ('@startDate', '2021-03-04 17:53:30 -0400'), ('@endDate', '2021-03-04 18:42:38 -0400'), ('MetadataEntry', [OrderedDict([('@key', 'HKMetadataKeySyncVersion'), ('@value', '2')]), OrderedDict([('@key', 'HKMetadataKeySyncIdentifier'), ('@value', '719A404F-4BCD-4165-825D-D46C615FEA7E')])]), ('FileReference', OrderedDict([('@path', '/workout-routes/route_2021-03-04_5.42pm.gpx')]))])"
312,Walk,131.0515980064869,684.1270631171235,Cal,2021-03-04 21:12:33,"OrderedDict([('@sourceName', 'BTE-Watch'), ('@sourceVersion', '7.1'), ('@creationDate', '2021-03-04 21:12:41 -0400'), ('@startDate', '2021-03-04 18:42:42 -0400'), ('@endDate', '2021-03-04 21:12:28 -0400'), ('MetadataEntry', [OrderedDict([('@key', 'HKMetadataKeySyncVersion'), ('@value', '2')]), OrderedDict([('@key', 'HKMetadataKeySyncIdentifier'), ('@value', 'AE3E1355-B370-4007-8B6E-656803B29FE6')])]), ('FileReference', OrderedDict([('@path', '/workout-routes/route_2021-03-04_8.12pm.gpx')]))])"
313,Walk,8.737510834137598,57.05114005848171,Cal,2021-03-08 15:29:48,"OrderedDict([('@sourceName', 'BTE-Watch'), ('@sourceVersion', '7.1'), ('@creationDate', '2021-03-08 15:29:48 -0400'), ('@startDate', '2021-03-08 15:21:02 -0400'), ('@endDate', '2021-03-08 15:28:41 -0400'), ('MetadataEntry', [OrderedDict([('@key', 'HKMetadataKeySyncVersion'), ('@value', '2')]), OrderedDict([('@key', 'HKMetadataKeySyncIdentifier'), ('@value', '8640CC5F-EDAC-468B-AFEA-C33926F01F9C')])]), ('FileReference', OrderedDict([('@path', '/workout-routes/route_2021-03-08_2.28pm.gpx')]))])"
314,Walk,17.03017830053965,95.50820922694146,Cal,2021-03-08 16:59:17,"OrderedDict([('@sourceName', 'BTE-Watch'), ('@sourceVersion', '7.1'), ('@creationDate', '2021-03-08 16:59:18 -0400'), ('@startDate', '2021-03-08 16:42:13 -0400'), ('@endDate', '2021-03-08 16:58:35 -0400'), ('MetadataEntry', [OrderedDict([('@key', 'HKMetadataKeySyncVersion'), ('@value', '2')]), OrderedDict([('@key', 'HKMetadataKeySyncIdentifier'), ('@value', '63353CC6-9107-4F51-B61D-17624BA54128')])]), ('FileReference', OrderedDict([('@path', '/workout-routes/route_2021-03-08_3.58pm.gpx')]))])"
315,Walk,23.80465314984322,106.9686855646764,Cal,2021-03-09 14:21:26,"OrderedDict([('@sourceName', 'BTE-Watch'), ('@sourceVersion', '7.1'), ('@creationDate', '2021-03-09 14:21:27 -0400'), ('@startDate', '2021-03-09 13:58:51 -0400'), ('@endDate', '2021-03-09 14:10:04 -0400'), ('MetadataEntry', [OrderedDict([('@key', 'HKMetadataKeySyncVersion'), ('@value', '2')]), OrderedDict([('@key', 'HKMetadataKeySyncIdentifier'), ('@value', '7EE32E85-5659-4254-B11D-D7FCF921B0D0')])]), ('FileReference', OrderedDict([('@path', '/workout-routes/route_2021-03-09_1.10pm.gpx')]))])"
316,Walk,10.91428261796633,55.34961969891484,Cal,2021-03-10 10:32:51,"OrderedDict([('@sourceName', 'BTE-Watch'), ('@sourceVersion', '7.1'), ('@creationDate', '2021-03-10 10:32:51 -0400'), ('@startDate', '2021-03-10 10:21:55 -0400'), ('@endDate', '2021-03-10 10:30:17 -0400'), ('MetadataEntry', [OrderedDict([('@key', 'HKMetadataKeySyncVersion'), ('@value', '2')]), OrderedDict([('@key', 'HKMetadataKeySyncIdentifier'), ('@value', '96F12EF8-DB6E-4BBB-A746-2E24257DA632')])]), ('FileReference', OrderedDict([('@path', '/workout-routes/route_2021-03-10_9.30am.gpx')]))])"
317,Walk,21.523268866539,144.9713723479741,Cal,2021-03-10 13:07:07,"OrderedDict([('@sourceName', 'BTE-Watch'), ('@sourceVersion', '7.1'), ('@creationDate', '2021-03-10 13:07:08 -0400'), ('@startDate', '2021-03-10 12:45:32 -0400'), ('@endDate', '2021-03-10 12:57:24 -0400'), ('MetadataEntry', [OrderedDict([('@key', 'HKMetadataKeySyncVersion'), ('@value', '2')]), OrderedDict([('@key', 'HKMetadataKeySyncIdentifier'), ('@value', '3BFA9821-21E0-4620-BAD9-2B76CD11AEC7')])]), ('FileReference', OrderedDict([('@path', '/workout-routes/route_2021-03-10_11.57am.gpx')]))])"
318,Walk,19.16685393253962,99.08611500849612,Cal,2021-03-10 21:30:04,"OrderedDict([('@sourceName', 'BTE-Watch'), ('@sourceVersion', '7.1'), ('@creationDate', '2021-03-10 21:30:05 -0400'), ('@startDate', '2021-03-10 21:12:04 -0400'), ('@endDate', '2021-03-10 21:24:20 -0400'), ('MetadataEntry', [OrderedDict([('@key', 'HKMetadataKeySyncVersion'), ('@value', '2')]), OrderedDict([('@key', 'HKMetadataKeySyncIdentifier'), ('@value', 'A064F188-7360-42DE-9800-355D2E074133')])]), ('FileReference', OrderedDict([('@path', '/workout-routes/route_2021-03-10_8.24pm.gpx')]))])"
319,Walk,18.12173383235931,84.68500000000026,Cal,2021-03-11 10:17:38,"OrderedDict([('@sourceName', 'BTE-Watch'), ('@sourceVersion', '7.1'), ('@creationDate', '2021-03-11 10:17:39 -0400'), ('@startDate', '2021-03-10 23:19:43 -0400'), ('@endDate', '2021-03-10 23:37:43 -0400'), ('MetadataEntry', [OrderedDict([('@key', 'HKMetadataKeySyncVersion'), ('@value', '2')]), OrderedDict([('@key', 'HKMetadataKeySyncIdentifier'), ('@value', 'B9F87CBC-AB99-4BB4-A72B-FFB995BA4889')])]), ('FileReference', OrderedDict([('@path', '/workout-routes/route_2021-03-10_10.37pm.gpx')]))])"
320,Walk,12.1220282693704,75.78937899337855,Cal,2021-03-11 14:08:41,
321,Walk,22.54350003600121,107.2467281226672,Cal,2021-03-11 18:49:36,"OrderedDict([('@sourceName', 'BTE-Watch'), ('@sourceVersion', '7.1'), ('@creationDate', '2021-03-11 18:49:36 -0400'), ('@startDate', '2021-03-11 18:34:55 -0400'), ('@endDate', '2021-03-11 18:49:33 -0400'), ('MetadataEntry', [OrderedDict([('@key', 'HKMetadataKeySyncVersion'), ('@value', '2')]), OrderedDict([('@key', 'HKMetadataKeySyncIdentifier'), ('@value', '283ED276-D300-4F20-9D7C-7E722F09E9E7')])]), ('FileReference', OrderedDict([('@path', '/workout-routes/route_2021-03-11_5.49pm.gpx')]))])"
322,Walk,23.82948826750119,102.9121649462204,Cal,2021-03-14 11:44:05,"OrderedDict([('@sourceName', 'BTE-Watch'), ('@sourceVersion', '7.1'), ('@creationDate', '2021-03-14 11:44:08 -0400'), ('@startDate', '2021-03-14 11:30:18 -0400'), ('@endDate', '2021-03-14 11:44:02 -0400'), ('MetadataEntry', [OrderedDict([('@key', 'HKMetadataKeySyncVersion'), ('@value', '2')]), OrderedDict([('@key', 'HKMetadataKeySyncIdentifier'), ('@value', 'EBEDB9EC-D65D-45D8-94EF-2F34D1DD8F43')])]), ('FileReference', OrderedDict([('@path', '/workout-routes/route_2021-03-14_11.44am.gpx')]))])"
323,Walk,16.59057243863742,82.04209005190754,Cal,2021-03-14 12:31:08,"OrderedDict([('@sourceName', 'BTE-Watch'), ('@sourceVersion', '7.1'), ('@creationDate', '2021-03-14 12:31:08 -0400'), ('@startDate', '2021-03-14 12:25:01 -0400'), ('@endDate', '2021-03-14 12:28:23 -0400'), ('MetadataEntry', [OrderedDict([('@key', 'HKMetadataKeySyncVersion'), ('@value', '2')]), OrderedDict([('@key', 'HKMetadataKeySyncIdentifier'), ('@value', 'AB169EE3-D893-4FD4-A885-6AAB69155A90')])]), ('FileReference', OrderedDict([('@path', '/workout-routes/route_2021-03-14_12.28pm.gpx')]))])"
324,Cycle,47.37251963218053,299.0918293722107,Cal,2021-03-14 16:19:48,"OrderedDict([('@sourceName', 'BTE-Watch'), ('@sourceVersion', '7.1'), ('@device', '<<HKDevice: 0x282580550>, name:Apple Watch, manufacturer:Apple Inc., model:Watch, hardware:Watch4,2, software:7.1>'), ('@creationDate', '2021-03-14 15:32:24 -0400'), ('@startDate', '2021-03-14 15:32:26 -0400'), ('@endDate', '2021-03-14 16:19:45 -0400'), ('MetadataEntry', [OrderedDict([('@key', 'HKMetadataKeySyncVersion'), ('@value', '2')]), OrderedDict([('@key', 'HKMetadataKeySyncIdentifier'), ('@value', '5B10F13D-BB7D-4642-9649-45C2FA0440CC')])]), ('FileReference', OrderedDict([('@path', '/workout-routes/route_2021-03-14_4.19pm.gpx')]))])"
325,Walk,64.07867543299993,341.7223574658481,Cal,2021-03-15 17:23:44,"OrderedDict([('@sourceName', 'BTE-Watch'), ('@sourceVersion', '7.1'), ('@creationDate', '2021-03-15 17:23:47 -0400'), ('@startDate', '2021-03-15 16:19:36 -0400'), ('@endDate', '2021-03-15 17:23:29 -0400'), ('MetadataEntry', [OrderedDict([('@key', 'HKMetadataKeySyncVersion'), ('@value', '2')]), OrderedDict([('@key', 'HKMetadataKeySyncIdentifier'), ('@value', '39DC065F-B48C-49C8-8715-B6931CC20F4E')])]), ('FileReference', OrderedDict([('@path', '/workout-routes/route_2021-03-15_5.23pm.gpx')]))])"
326,Walk,11.85482676625252,59.25575229859729,Cal,2021-03-16 12:37:40,"OrderedDict([('@sourceName', 'BTE-Watch'), ('@sourceVersion', '7.1'), ('@creationDate', '2021-03-16 12:37:40 -0400'), ('@startDate', '2021-03-16 12:25:49 -0400'), ('@endDate', '2021-03-16 12:29:38 -0400'), ('MetadataEntry', [OrderedDict([('@key', 'HKMetadataKeySyncVersion'), ('@value', '2')]), OrderedDict([('@key', 'HKMetadataKeySyncIdentifier'), ('@value', '9B5E9DDD-B4FB-452B-AC17-2C4FB48C58C1')])]), ('FileReference', OrderedDict([('@path', '/workout-routes/route_2021-03-16_12.29pm.gpx')]))])"
327,Walk,47.80425664981206,316.4876433848992,Cal,2021-03-17 10:09:49,"OrderedDict([('@sourceName', 'BTE-Watch'), ('@sourceVersion', '7.1'), ('@creationDate', '2021-03-17 10:09:52 -0400'), ('@startDate', '2021-03-17 09:23:11 -0400'), ('@endDate', '2021-03-17 10:07:42 -0400'), ('MetadataEntry', [OrderedDict([('@key', 'HKMetadataKeySyncVersion'), ('@value', '2')]), OrderedDict([('@key', 'HKMetadataKeySyncIdentifier'), ('@value', '23C85E47-F410-4C71-95D1-DE3D1F1E04E2')])]), ('FileReference', OrderedDict([('@path', '/workout-routes/route_2021-03-17_10.07am.gpx')]))])"
328,Walk,15.93812769850095,88.99990967507851,Cal,2021-03-17 11:00:07,"OrderedDict([('@sourceName', 'BTE-Watch'), ('@sourceVersion', '7.1'), ('@creationDate', '2021-03-17 11:00:08 -0400'), ('@startDate', '2021-03-17 10:44:08 -0400'), ('@endDate', '2021-03-17 11:00:05 -0400'), ('MetadataEntry', [OrderedDict([('@key', 'HKMetadataKeySyncVersion'), ('@value', '2')]), OrderedDict([('@key', 'HKMetadataKeySyncIdentifier'), ('@value', 'FE246ED2-A495-44E2-A6F9-7AB53337E6C8')])]), ('FileReference', OrderedDict([('@path', '/workout-routes/route_2021-03-17_11.00am.gpx')]))])"
329,Walk,27.41570156613986,127.7606204236149,Cal,2021-03-17 12:18:41,"OrderedDict([('@sourceName', 'BTE-Watch'), ('@sourceVersion', '7.1'), ('@creationDate', '2021-03-17 12:18:43 -0400'), ('@startDate', '2021-03-17 11:51:14 -0400'), ('@endDate', '2021-03-17 12:15:36 -0400'), ('MetadataEntry', [OrderedDict([('@key', 'HKMetadataKeySyncVersion'), ('@value', '2')]), OrderedDict([('@key', 'HKMetadataKeySyncIdentifier'), ('@value', '140547F5-F0B1-4839-AD26-764855079C52')])]), ('FileReference', OrderedDict([('@path', '/workout-routes/route_2021-03-17_12.15pm.gpx')]))])"
330,Walk,3.132269201676051,20.0038304167829,Cal,2021-03-17 12:34:51,"OrderedDict([('@sourceName', 'BTE-Watch'), ('@sourceVersion', '7.1'), ('@creationDate', '2021-03-17 12:34:51 -0400'), ('@startDate', '2021-03-17 12:32:39 -0400'), ('@endDate', '2021-03-17 12:34:50 -0400'), ('MetadataEntry', [OrderedDict([('@key', 'HKMetadataKeySyncVersion'), ('@value', '2')]), OrderedDict([('@key', 'HKMetadataKeySyncIdentifier'), ('@value', '3675AADD-3EC5-4BFC-AA95-0B195B786123')])]), ('FileReference', OrderedDict([('@path', '/workout-routes/route_2021-03-17_12.34pm.gpx')]))])"
331,Walk,35.031182350715,231.7083551544727,Cal,2021-03-18 12:11:12,"OrderedDict([('@sourceName', 'BTE-Watch'), ('@sourceVersion', '7.1'), ('@creationDate', '2021-03-18 12:11:14 -0400'), ('@startDate', '2021-03-18 11:36:09 -0400'), ('@endDate', '2021-03-18 12:11:09 -0400'), ('MetadataEntry', [OrderedDict([('@key', 'HKMetadataKeySyncVersion'), ('@value', '2')]), OrderedDict([('@key', 'HKMetadataKeySyncIdentifier'), ('@value', 'DE2818F1-1288-44A0-BE4C-009105B6362E')])]), ('FileReference', OrderedDict([('@path', '/workout-routes/route_2021-03-18_12.11pm.gpx')]))])"
332,Run,27.4148302992185,439.1330895350377,Cal,2021-03-18 16:32:49,"OrderedDict([('@sourceName', 'BTE-Watch'), ('@sourceVersion', '7.1'), ('@creationDate', '2021-03-18 16:32:50 -0400'), ('@startDate', '2021-03-18 16:05:21 -0400'), ('@endDate', '2021-03-18 16:32:47 -0400'), ('MetadataEntry', [OrderedDict([('@key', 'HKMetadataKeySyncVersion'), ('@value', '2')]), OrderedDict([('@key', 'HKMetadataKeySyncIdentifier'), ('@value', '8ABAA43E-2C37-4B71-B6D1-5D1E2360D162')])]), ('FileReference', OrderedDict([('@path', '/workout-routes/route_2021-03-18_4.32pm.gpx')]))])"
333,Walk,21.23370675047239,134.1841306367311,Cal,2021-03-18 16:54:13,"OrderedDict([('@sourceName', 'BTE-Watch'), ('@sourceVersion', '7.1'), ('@creationDate', '2021-03-18 16:54:15 -0400'), ('@startDate', '2021-03-18 16:32:57 -0400'), ('@endDate', '2021-03-18 16:53:07 -0400'), ('MetadataEntry', [OrderedDict([('@key', 'HKMetadataKeySyncVersion'), ('@value', '2')]), OrderedDict([('@key', 'HKMetadataKeySyncIdentifier'), ('@value', '0C5F9395-8F6C-408A-87E1-BFBA8A477B80')])]), ('FileReference', OrderedDict([('@path', '/workout-routes/route_2021-03-18_4.53pm.gpx')]))])"
334,Strength,11.24881278276444,153.4808523241636,Cal,2021-03-18 17:05:37,
335,Walk,4.243118315935135,52.89758860231917,Cal,2021-03-18 17:11:56,
336,Walk,25.29212866822878,118.5651394368907,Cal,2021-03-19 10:57:42,"OrderedDict([('@sourceName', 'BTE-Watch'), ('@sourceVersion', '7.1'), ('@creationDate', '2021-03-19 10:57:43 -0400'), ('@startDate', '2021-03-19 10:34:03 -0400'), ('@endDate', '2021-03-19 10:55:07 -0400'), ('MetadataEntry', [OrderedDict([('@key', 'HKMetadataKeySyncVersion'), ('@value', '2')]), OrderedDict([('@key', 'HKMetadataKeySyncIdentifier'), ('@value', '2619CD5A-CB4C-4DB7-B0E6-AA23CEABC911')])]), ('FileReference', OrderedDict([('@path', '/workout-routes/route_2021-03-19_10.55am.gpx')]))])"
337,Walk,17.83373595078786,90.0990795750695,Cal,2021-03-19 12:24:46,"OrderedDict([('@sourceName', 'BTE-Watch'), ('@sourceVersion', '7.1'), ('@creationDate', '2021-03-19 12:24:47 -0400'), ('@startDate', '2021-03-19 11:59:31 -0400'), ('@endDate', '2021-03-19 12:17:55 -0400'), ('MetadataEntry', [OrderedDict([('@key', 'HKMetadataKeySyncVersion'), ('@value', '2')]), OrderedDict([('@key', 'HKMetadataKeySyncIdentifier'), ('@value', '56CA0079-5A51-41BC-AEA8-3BB65EE17A8F')])]), ('FileReference', OrderedDict([('@path', '/workout-routes/route_2021-03-19_12.17pm.gpx')]))])"
338,Walk,16.61552566687266,98.01513932985868,Cal,2021-03-19 16:04:23,"OrderedDict([('@sourceName', 'BTE-Watch'), ('@sourceVersion', '7.1'), ('@creationDate', '2021-03-19 16:04:24 -0400'), ('@startDate', '2021-03-19 15:49:48 -0400'), ('@endDate', '2021-03-19 16:04:21 -0400'), ('MetadataEntry', [OrderedDict([('@key', 'HKMetadataKeySyncVersion'), ('@value', '2')]), OrderedDict([('@key', 'HKMetadataKeySyncIdentifier'), ('@value', '24631822-F524-4E51-9299-90B679FBA18D')])]), ('FileReference', OrderedDict([('@path', '/workout-routes/route_2021-03-19_4.04pm.gpx')]))])"
339,Walk,18.98412646651268,95.11197612699164,Cal,2021-03-20 16:21:00,"OrderedDict([('@sourceName', 'BTE-Watch'), ('@sourceVersion', '7.1'), ('@creationDate', '2021-03-20 16:21:02 -0400'), ('@startDate', '2021-03-20 16:01:58 -0400'), ('@endDate', '2021-03-20 16:20:58 -0400'), ('MetadataEntry', [OrderedDict([('@key', 'HKMetadataKeySyncVersion'), ('@value', '2')]), OrderedDict([('@key', 'HKMetadataKeySyncIdentifier'), ('@value', '1C8C285D-1CDE-4AEA-84C2-3B5C64A68F50')])]), ('FileReference', OrderedDict([('@path', '/workout-routes/route_2021-03-20_4.20pm.gpx')]))])"
340,Walk,27.92608201702436,175.2701622196772,Cal,2021-03-20 17:31:53,"OrderedDict([('@sourceName', 'BTE-Watch'), ('@sourceVersion', '7.1'), ('@creationDate', '2021-03-20 17:31:55 -0400'), ('@startDate', '2021-03-20 17:03:55 -0400'), ('@endDate', '2021-03-20 17:31:51 -0400'), ('MetadataEntry', [OrderedDict([('@key', 'HKMetadataKeySyncVersion'), ('@value', '2')]), OrderedDict([('@key', 'HKMetadataKeySyncIdentifier'), ('@value', '16E538E5-4C98-486C-A8ED-0B58C811C766')])]), ('FileReference', OrderedDict([('@path', '/workout-routes/route_2021-03-20_5.31pm.gpx')]))])"
341,Walk,13.47723481655121,158.2110047540388,Cal,2021-03-21 15:58:15,
342,Strength,24.08290648261706,251.3780000000001,Cal,2021-03-21 16:22:25,
343,Walk,16.09964021643003,87.55892111701117,Cal,2021-03-21 19:17:26,"OrderedDict([('@sourceName', 'BTE-Watch'), ('@sourceVersion', '7.1'), ('@creationDate', '2021-03-21 19:17:27 -0400'), ('@startDate', '2021-03-21 19:01:23 -0400'), ('@endDate', '2021-03-21 19:17:23 -0400'), ('MetadataEntry', [OrderedDict([('@key', 'HKMetadataKeySyncVersion'), ('@value', '2')]), OrderedDict([('@key', 'HKMetadataKeySyncIdentifier'), ('@value', 'CE5A3C9C-DDB1-49CD-AEB4-560331BBBED9')])]), ('FileReference', OrderedDict([('@path', '/workout-routes/route_2021-03-21_7.17pm.gpx')]))])"
344,Walk,38.1338541785876,138.7941681236902,Cal,2021-03-22 10:27:46,"OrderedDict([('@sourceName', 'BTE-Watch'), ('@sourceVersion', '7.1'), ('@creationDate', '2021-03-22 10:27:47 -0400'), ('@startDate', '2021-03-22 09:59:43 -0400'), ('@endDate', '2021-03-22 10:27:44 -0400'), ('MetadataEntry', [OrderedDict([('@key', 'HKMetadataKeySyncVersion'), ('@value', '2')]), OrderedDict([('@key', 'HKMetadataKeySyncIdentifier'), ('@value', '67887564-2543-41FD-9F64-EA4459FA8AC1')])]), ('FileReference', OrderedDict([('@path', '/workout-routes/route_2021-03-22_10.27am.gpx')]))])"
345,Walk,23.09431338508924,119.4789411816597,Cal,2021-03-22 12:05:45,"OrderedDict([('@sourceName', 'BTE-Watch'), ('@sourceVersion', '7.1'), ('@creationDate', '2021-03-22 12:05:46 -0400'), ('@startDate', '2021-03-22 11:54:25 -0400'), ('@endDate', '2021-03-22 12:02:03 -0400'), ('MetadataEntry', [OrderedDict([('@key', 'HKMetadataKeySyncVersion'), ('@value', '2')]), OrderedDict([('@key', 'HKMetadataKeySyncIdentifier'), ('@value', 'BBE870BE-1389-41AF-908D-8CC2B4EC75D1')])]), ('FileReference', OrderedDict([('@path', '/workout-routes/route_2021-03-22_12.02pm.gpx')]))])"
346,Run,27.56254293521245,415.734986551741,Cal,2021-03-22 12:40:18,"OrderedDict([('@sourceName', 'BTE-Watch'), ('@sourceVersion', '7.1'), ('@creationDate', '2021-03-22 12:40:20 -0400'), ('@startDate', '2021-03-22 12:12:38 -0400'), ('@endDate', '2021-03-22 12:40:15 -0400'), ('MetadataEntry', [OrderedDict([('@key', 'HKMetadataKeySyncVersion'), ('@value', '2')]), OrderedDict([('@key', 'HKMetadataKeySyncIdentifier'), ('@value', 'B40EFAC8-AF67-428C-B6BF-2FC86695749C')])]), ('FileReference', OrderedDict([('@path', '/workout-routes/route_2021-03-22_12.40pm.gpx')]))])"
347,Walk,13.15915966629982,69.27800000000009,Cal,2021-03-22 12:53:32,"OrderedDict([('@sourceName', 'BTE-Watch'), ('@sourceVersion', '7.1'), ('@creationDate', '2021-03-22 12:53:33 -0400'), ('@startDate', '2021-03-22 12:40:20 -0400'), ('@endDate', '2021-03-22 12:49:43 -0400'), ('MetadataEntry', [OrderedDict([('@key', 'HKMetadataKeySyncVersion'), ('@value', '2')]), OrderedDict([('@key', 'HKMetadataKeySyncIdentifier'), ('@value', '306D487C-4093-4502-A7AF-16CB5C4E1E9E')])]), ('FileReference', OrderedDict([('@path', '/workout-routes/route_2021-03-22_12.49pm.gpx')]))])"
348,Strength,6.117244299252828,66.51517689550424,Cal,2021-03-22 12:59:43,
349,Walk,13.07882470091184,74.80200633751309,Cal,2021-03-22 14:05:27,"OrderedDict([('@sourceName', 'BTE-Watch'), ('@sourceVersion', '7.1'), ('@creationDate', '2021-03-22 14:05:28 -0400'), ('@startDate', '2021-03-22 13:52:41 -0400'), ('@endDate', '2021-03-22 14:03:01 -0400'), ('MetadataEntry', [OrderedDict([('@key', 'HKMetadataKeySyncVersion'), ('@value', '2')]), OrderedDict([('@key', 'HKMetadataKeySyncIdentifier'), ('@value', '8E015A5F-7030-4894-8CBC-21F379494268')])]), ('FileReference', OrderedDict([('@path', '/workout-routes/route_2021-03-22_2.03pm.gpx')]))])"
350,Strength,23.26930085023244,239.6930178116639,Cal,2021-03-22 19:55:55,
351,Walk,20.36466730237007,101.4940000000002,Cal,2021-03-22 22:04:06,"OrderedDict([('@sourceName', 'BTE-Watch'), ('@sourceVersion', '7.1'), ('@creationDate', '2021-03-22 22:04:07 -0400'), ('@startDate', '2021-03-22 21:53:49 -0400'), ('@endDate', '2021-03-22 21:57:16 -0400'), ('MetadataEntry', [OrderedDict([('@key', 'HKMetadataKeySyncVersion'), ('@value', '2')]), OrderedDict([('@key', 'HKMetadataKeySyncIdentifier'), ('@value', '2684E5D3-E548-4829-86DD-E32340E02743')])]), ('FileReference', OrderedDict([('@path', '/workout-routes/route_2021-03-22_9.57pm.gpx')]))])"
